{
    "name": "root",
    "gauges": {
        "CheckForFlame.Policy.Entropy.mean": {
            "value": -1.1920927533992653e-07,
            "min": -1.1920927533992653e-07,
            "max": 0.5818686485290527,
            "count": 28
        },
        "CheckForFlame.Policy.Entropy.sum": {
            "value": -0.001186966779641807,
            "min": -0.0012078284053131938,
            "max": 5982.7734375,
            "count": 28
        },
        "CheckForFlame.Step.mean": {
            "value": 279936.0,
            "min": 9984.0,
            "max": 279936.0,
            "count": 28
        },
        "CheckForFlame.Step.sum": {
            "value": 279936.0,
            "min": 9984.0,
            "max": 279936.0,
            "count": 28
        },
        "CheckForFlame.Policy.ExtrinsicValueEstimate.mean": {
            "value": -208.04010009765625,
            "min": -213.8151092529297,
            "max": -32.291526794433594,
            "count": 28
        },
        "CheckForFlame.Policy.ExtrinsicValueEstimate.sum": {
            "value": -32454.255859375,
            "min": -33355.15625,
            "max": -5037.47802734375,
            "count": 28
        },
        "CheckForFlame.Losses.PolicyLoss.mean": {
            "value": 0.09236827078792784,
            "min": 0.08585966001217714,
            "max": 0.2208675170750028,
            "count": 28
        },
        "CheckForFlame.Losses.PolicyLoss.sum": {
            "value": 0.4618413539396392,
            "min": 0.34343864004870855,
            "max": 1.104337585375014,
            "count": 28
        },
        "CheckForFlame.Losses.ValueLoss.mean": {
            "value": 413.0756706623116,
            "min": 70.57959497336185,
            "max": 464.2140850336865,
            "count": 28
        },
        "CheckForFlame.Losses.ValueLoss.sum": {
            "value": 2065.378353311558,
            "min": 282.3183798934474,
            "max": 2321.0704251684324,
            "count": 28
        },
        "CheckForFlame.Policy.LearningRate.mean": {
            "value": 0.002428800091904,
            "min": 0.002428800091904,
            "max": 0.029452800001824004,
            "count": 28
        },
        "CheckForFlame.Policy.LearningRate.sum": {
            "value": 0.01214400045952,
            "min": 0.01214400045952,
            "max": 0.14242880002523733,
            "count": 28
        },
        "CheckForFlame.Policy.Epsilon.mean": {
            "value": 0.10809600000000001,
            "min": 0.10809600000000001,
            "max": 0.198176,
            "count": 28
        },
        "CheckForFlame.Policy.Epsilon.sum": {
            "value": 0.5404800000000001,
            "min": 0.4732160000000001,
            "max": 0.9747626666666668,
            "count": 28
        },
        "CheckForFlame.Policy.Beta.mean": {
            "value": 0.0004139904000000002,
            "min": 0.0004139904000000002,
            "max": 0.004908982399999999,
            "count": 28
        },
        "CheckForFlame.Policy.Beta.sum": {
            "value": 0.0020699520000000008,
            "min": 0.0020699520000000008,
            "max": 0.023740657066666667,
            "count": 28
        },
        "CheckForFlame.IsTraining.mean": {
            "value": 1.0,
            "min": 1.0,
            "max": 1.0,
            "count": 28
        },
        "CheckForFlame.IsTraining.sum": {
            "value": 1.0,
            "min": 1.0,
            "max": 1.0,
            "count": 28
        }
    },
    "metadata": {
        "timer_format_version": "0.1.0",
        "start_time_seconds": "1665101998",
        "python_version": "3.9.9 (tags/v3.9.9:ccb0e6a, Nov 15 2021, 18:08:50) [MSC v.1929 64 bit (AMD64)]",
        "command_line_arguments": "B:\\GitProjects\\NewMachineLearning\\NewMachineLearning\\venv\\Scripts\\mlagents-learn CheckForFlame.yaml --force",
        "mlagents_version": "0.29.0",
        "mlagents_envs_version": "0.29.0",
        "communication_protocol_version": "1.5.0",
        "pytorch_version": "1.11.0+cu115",
        "numpy_version": "1.21.2",
        "end_time_seconds": "1665102426"
    },
    "total": 427.9487704,
    "count": 1,
    "self": 0.004251199999998789,
    "children": {
        "run_training.setup": {
            "total": 0.09569349999999988,
            "count": 1,
            "self": 0.09569349999999988
        },
        "TrainerController.start_learning": {
            "total": 427.8488257,
            "count": 1,
            "self": 0.4525014000001306,
            "children": {
                "TrainerController._reset_env": {
                    "total": 9.5302255,
                    "count": 1,
                    "self": 9.5302255
                },
                "TrainerController.advance": {
                    "total": 417.79725229999985,
                    "count": 28988,
                    "self": 0.4422506999983966,
                    "children": {
                        "env_step": {
                            "total": 282.434385299998,
                            "count": 28988,
                            "self": 199.52204909999875,
                            "children": {
                                "SubprocessEnvManager._take_step": {
                                    "total": 82.62266789999882,
                                    "count": 28988,
                                    "self": 1.4379978000002893,
                                    "children": {
                                        "TorchPolicy.evaluate": {
                                            "total": 81.18467009999853,
                                            "count": 28988,
                                            "self": 41.30611069999754,
                                            "children": {
                                                "TorchPolicy.sample_actions": {
                                                    "total": 39.87855940000099,
                                                    "count": 28988,
                                                    "self": 39.87855940000099
                                                }
                                            }
                                        }
                                    }
                                },
                                "workers": {
                                    "total": 0.2896683000004181,
                                    "count": 28987,
                                    "self": 0.0,
                                    "children": {
                                        "worker_root": {
                                            "total": 359.29801949999586,
                                            "count": 28987,
                                            "is_parallel": true,
                                            "self": 246.38260539999902,
                                            "children": {
                                                "steps_from_proto": {
                                                    "total": 0.0003684000000001575,
                                                    "count": 1,
                                                    "is_parallel": true,
                                                    "self": 0.00017889999999987083,
                                                    "children": {
                                                        "_process_rank_one_or_two_observation": {
                                                            "total": 0.00018950000000028666,
                                                            "count": 2,
                                                            "is_parallel": true,